model,model_key,cv_scheme,replication,seed_train,seed_test,param_name,selected_param,cv_est_error,test_error,cv_time_seconds,dgp_n,f_id,error_model,error_params,cv_bias
xg_boost,xg_boost,naive,0,140,917,max_depth,6.0,1.600698693962909,2.909062138726832,0.8696227073669434,6906,real_data,real_data,{},-1.3083634447639227
xg_boost,xg_boost,block,0,140,917,max_depth,2.0,2.0987848261968325,2.5878117888461345,0.7943038940429688,6906,real_data,real_data,{},-0.489026962649302
xg_boost,xg_boost,block_buffered,0,140,917,max_depth,4.0,2.104071078529312,2.5849417339124314,0.7557501792907715,6906,real_data,real_data,{},-0.48087065538311924
xg_boost,xg_boost,walk_forward,0,140,917,max_depth,2.0,2.687471601413474,2.5561189435153073,0.7453229427337646,6906,real_data,real_data,{},0.13135265789816675
